,Androgen,EGFR,Estrogen,Hypoxia,JAK.STAT,MAPK,NFkB,p53,PI3K,TGFb,TNFa,Trail,VEGF,WNT
stat,-0.0894088881867851,0.846457404100674,-0.51955561060436,-0.243383241611669,4.21320502150185,-0.647141597745603,-0.267087108873915,1.82601492869358,-2.24419651534831,2.34162896705127,1.85147676549245,-1.43395130843355,1.28789355381822,1.67390684017621
