Pathway,score
Androgen,-0.1372
EGFR,1
Estrogen,0.9978
Hypoxia,-0.793
JAK.STAT,-0.8288
MAPK,1
NFkB,0.9298
p53,-0.9962
PI3K,0.9976
TGFb,1
TNFa,0.9783999999999999
Trail,-0.6954
VEGF,0.9099999999999999
WNT,0.49760000000000004
