Pathway,score
Androgen,0.3328
EGFR,-1
Estrogen,-0.9972
Hypoxia,0.47940000000000005
JAK.STAT,0.9884
MAPK,-1
NFkB,-0.3912
p53,1
PI3K,-1
TGFb,-0.9284
TNFa,0.1541999999999999
Trail,-0.29700000000000004
VEGF,-0.7150000000000001
WNT,0.7578
