Pathway,score
Androgen,0.8697999999999999
EGFR,0.9996
Estrogen,0.9994000000000001
Hypoxia,0.5613999999999999
JAK.STAT,1
MAPK,1
NFkB,0.9998
p53,0.9246000000000001
PI3K,0.9924
TGFb,1
TNFa,1
Trail,-0.04079999999999995
VEGF,0.9061999999999999
WNT,0.9974000000000001
