Pathway,score
Androgen,-0.20679999999999998
EGFR,1
Estrogen,0.9996
Hypoxia,-0.7130000000000001
JAK.STAT,-0.7832
MAPK,1
NFkB,0.8595999999999999
p53,-0.9956
PI3K,0.9976
TGFb,1
TNFa,0.9616
Trail,-0.656
VEGF,0.9698
WNT,0.44520000000000004
