Pathway,score
Androgen,-0.08899999999999997
EGFR,0.4074
Estrogen,-0.46319999999999995
Hypoxia,-0.24960000000000004
JAK.STAT,0.9978
MAPK,-0.5042
NFkB,0.30580000000000007
p53,0.9024000000000001
PI3K,-0.9714
TGFb,0.9970000000000001
TNFa,0.9710000000000001
Trail,-0.791
VEGF,0.9463999999999999
WNT,0.9932000000000001
