Pathway,score
Androgen,0.19900000000000007
EGFR,-0.6456
Estrogen,-0.11060000000000003
Hypoxia,-0.14500000000000002
JAK.STAT,0.9299999999999999
MAPK,-0.6315999999999999
NFkB,0.4756
p53,0.9732000000000001
PI3K,-0.997
TGFb,0.9932000000000001
TNFa,0.9534
Trail,-0.8596
VEGF,0.6234
WNT,0.9423999999999999
